id,created_at,name ,email,address,city,state,zip,birth_date,password,source
1,1/30/2017,hudson romaguera,hudson_romaguera@yahoo.com,9611-9809 West Rosedale Road,Wood River,NE,68883,12/12/1986,ccca881f-3e4b-4e5c-8336-354103604af6,Twitter
2,1/20/2018,domenica pouros,domenica_pouros@yahoo.com,101 4th Street,Searsboro,IA,50242,6/10/1967,eafc45bf-cf8e-4c96-ab35-ce44d0021597,Affiliate
3,4/9/2018,lina kertzmann,lina_kertzmann@yahoo.com,29494 Anderson Drive,Sandstone,MN,55072,12/18/1961,36f67891-34e5-4439-a8a4-2d9246775ff8,Facebook
4,10/28/2017,arnold aufderhar,arnold_aufderhar@yahoo.com,2-7900 Cuerno Verde Road,Rye,CO,81069,8/12/1992,537a727b-7525-44a3-99c8-8fdc488fbf02,Google
5,12/30/2017,dominique borer,dominique_borer@yahoo.com,761 Fish Hill Road,Beaver Dams,NY,14812,4/20/1974,6a802b6c-4da8-4881-9ca6-4f69085c7c14,Twitter
6,6/25/2017,rene williamson,rene_williamson@yahoo.com,1243 West Whitney Street,Morse,LA,70559,3/27/1983,760495fb-9c38-4351-a6ee-4743d10d345e,Google
7,3/8/2018,roselyn heaney,roselyn_heaney@yahoo.com,630 Coaker Road,Leakesville,MS,39451,1/19/1996,43adf4af-055b-4a39-bc06-489fb0ffcf40,Facebook
8,4/26/2017,aracely adams,aracely_adams@yahoo.com,1167 East 570th Avenue,Pittsburg,KS,66762,6/5/1973,6bb01b7f-6426-47d3-bfca-95dcc42b8b27,Facebook
9,1/10/2017,anais leffler,anais_leffler@yahoo.com,5816-5894 280th Street,Ida Grove,IA,51445,10/16/1999,a3de5208-2f2f-4c81-9fe7-8d254bd5095d,Twitter
10,12/1/2017,tressa muller,tressa_muller@yahoo.com,13081-13217 Main Street,Upper Sandusky,OH,43351,1/13/1968,81052233-b32e-43cb-9505-700dbd8d3fca,Google
11,8/13/2016,lolita bosco,lolita_bosco@yahoo.com,495 Juniper Road,Pilot Mound,IA,50223,8/20/1982,43adf4af-055b-4a39-bc06-489fb0ffcf40,Facebook
12,8/5/2018,ciara jenkins,ciara_jenkins@yahoo.com,16701-16743 449th Avenue,Florence,SD,57235,12/16/1982,6bb01b7f-6426-47d3-bfca-95dcc42b8b27,Facebook
13,1/2/2019,mustafa ward,mustafa_ward@yahoo.com,2993 Hoskings Ranch Road,Santa Ysabel,CA,92070,7/20/1963,a3de5208-2f2f-4c81-9fe7-8d254bd5095d,Facebook
14,7/18/2017,lavonne white,lavonne_white@yahoo.com,3964 Chico River Road,Chico,CA,95928,9/22/1963,81052233-b32e-43cb-9505-700dbd8d3fca,Facebook
15,7/2/2018,bertrand schaefer,bertrand_schaefer@yahoo.com,258 Opal Road,El Paso,AR,72045,2/14/2000,ceddd766-924b-4856-9dcb-a15b4c1b154c,Twitter
16,12/2/2016,khalid larson,khalid_larson@yahoo.com,3234 County Road 7,Greensboro,AL,36744,9/16/1961,eb925d11-ea2f-41fb-a490-72b7c2b24dc0,Google
17,11/21/2017,lora thiel,lora_thiel@yahoo.com,6111 Rogue Riv,Gold Beach,OR,97444,2/16/1990,bb85c7fa-4314-4e41-a060-7d0159f16931,Organic
18,10/2/2016,arely senger,arely_senger@yahoo.com,13116 Northeast Sandy Boulevard,Portland,OR,97230,6/27/1990,8beebcc9-a376-447a-812f-7544fdc52ec7,Affiliate
19,5/5/2018,wyman cronin,wyman_cronin@yahoo.com,1460 Grays Creek Road,Grants Pass,OR,97527,7/23/1975,2734ae7a-aa25-4907-9d2e-a6992750db60,Affiliate
20,7/8/2018,john pollich,john_pollich@yahoo.com,52737 570th Street,Marne,IA,51552,10/26/1991,e60e4c1e-c9dc-47fe-9f4b-138651cebd85,Affiliate
21,8/26/2018,hudson williamson,hudson_williamson@yahoo.com,9611-9809 West Rosedale Road,Wood River,NE,68883,10/16/1999,1b414387-e9c0-4b97-ba60-263268e38f3d,Twitter
22,10/30/2018,domenica heaney,domenica_heaney@yahoo.com,101 4th Street,Searsboro,IA,50242,1/13/1968,251cd4bd-d7c9-4704-a864-edd953952a9b,Affiliate
23,5/12/2017,lina adams,lina_adams@yahoo.com,29494 Anderson Drive,Sandstone,MN,55072,8/20/1982,89ef82c4-55e2-4907-94a6-09b0368b3c58,Facebook
24,10/8/2016,arnold leffler,arnold_leffler@yahoo.com,2-7900 Cuerno Verde Road,Rye,CO,81069,12/16/1982,eafc45bf-cf8e-4c96-ab35-ce44d0021597,Google
25,4/7/2018,dominique muller,dominique_muller@yahoo.com,761 Fish Hill Road,Beaver Dams,NY,14812,7/20/1963,36f67891-34e5-4439-a8a4-2d9246775ff8,Twitter
26,12/12/2018,rene bosco,rene_bosco@yahoo.com,1243 West Whitney Street,Morse,LA,70559,9/22/1963,537a727b-7525-44a3-99c8-8fdc488fbf02,Google
27,5/7/2017,roselyn jenkins,roselyn_jenkins@yahoo.com,630 Coaker Road,Leakesville,MS,39451,2/14/2000,2734ae7a-aa25-4907-9d2e-a6992750db60,Organic
28,2/28/2017,aracely ward,aracely_ward@yahoo.com,1167 East 570th Avenue,Pittsburg,KS,66762,9/16/1961,e60e4c1e-c9dc-47fe-9f4b-138651cebd85,Affiliate
29,1/2/2018,anais white,anais_white@yahoo.com,5816-5894 280th Street,Ida Grove,IA,51445,2/16/1990,1b414387-e9c0-4b97-ba60-263268e38f3d,Affiliate
30,2/3/2019,tressa schaefer,tressa_schaefer@yahoo.com,13081-13217 Main Street,Upper Sandusky,OH,43351,6/27/1990,eb925d11-ea2f-41fb-a490-72b7c2b24dc0,Affiliate
31,8/17/2016,lolita larson,lolita_larson@yahoo.com,2993 Hoskings Ranch Road,Santa Ysabel,CA,92070,7/23/1975,bb85c7fa-4314-4e41-a060-7d0159f16931,Facebook
32,7/12/2016,ciara thiel,ciara_thiel@yahoo.com,3964 Chico River Road,Chico,CA,95928,10/26/1991,8beebcc9-a376-447a-812f-7544fdc52ec7,Facebook
33,6/8/2016,mustafa senger,mustafa_senger@yahoo.com,258 Opal Road,El Paso,AR,72045,9/22/1963,2734ae7a-aa25-4907-9d2e-a6992750db60,Twitter
34,10/10/2017,lavonne romaguera,lavonne_romaguera@yahoo.com,3234 County Road 7,Greensboro,AL,36744,2/14/2000,e60e4c1e-c9dc-47fe-9f4b-138651cebd85,Google
35,8/1/2018,bertrand pouros,bertrand_pouros@yahoo.com,6111 Rogue Riv,Gold Beach,OR,97444,9/16/1961,1b414387-e9c0-4b97-ba60-263268e38f3d,Facebook
36,1/26/2017,khalid cronin,khalid_cronin@yahoo.com,13116 Northeast Sandy Boulevard,Portland,OR,97230,2/16/1990,251cd4bd-d7c9-4704-a864-edd953952a9b,Facebook
37,1/9/2018,lora pollich,lora_pollich@yahoo.com,1460 Grays Creek Road,Grants Pass,OR,97527,6/27/1990,89ef82c4-55e2-4907-94a6-09b0368b3c58,Facebook
38,5/2/2018,arely kertzmann,arely_kertzmann@yahoo.com,52737 570th Street,Marne,IA,51552,7/23/1975,edd767f7-ef71-42bf-807e-f96fdee4b7b4,Facebook
39,3/17/2018,wyman aufderhar,wyman_aufderhar@yahoo.com,9611-9809 West Rosedale Road,Wood River,NE,68883,10/26/1991,a3de5208-2f2f-4c81-9fe7-8d254bd5095d,Facebook
40,10/22/2016,john borer,john_borer@yahoo.com,101 4th Street,Searsboro,IA,50242,10/16/1999,81052233-b32e-43cb-9505-700dbd8d3fca,Google
41,12/25/2018,hudson heaney,hudson_heaney@yahoo.com,29494 Anderson Drive,Sandstone,MN,55072,1/13/1968,ceddd766-924b-4856-9dcb-a15b4c1b154c,Twitter
42,1/2/2018,domenica adams,domenica_adams@yahoo.com,2-7900 Cuerno Verde Road,Rye,CO,81069,8/20/1982,537a727b-7525-44a3-99c8-8fdc488fbf02,Google
43,3/20/2018,lina leffler,lina_leffler@yahoo.com,630 Coaker Road,Leakesville,MS,39451,12/16/1982,6a802b6c-4da8-4881-9ca6-4f69085c7c14,Facebook
44,6/6/2018,arnold muller,arnold_muller@yahoo.com,1167 East 570th Avenue,Pittsburg,KS,66762,9/16/1961,760495fb-9c38-4351-a6ee-4743d10d345e,Facebook
45,1/24/2019,dominique bosco,dominique_bosco@yahoo.com,5816-5894 280th Street,Ida Grove,IA,51445,2/16/1990,43adf4af-055b-4a39-bc06-489fb0ffcf40,Twitter
46,9/11/2017,rene jenkins,rene_jenkins@yahoo.com,13081-13217 Main Street,Upper Sandusky,OH,43351,6/27/1990,6bb01b7f-6426-47d3-bfca-95dcc42b8b27,Google
47,11/7/2018,roselyn ward,roselyn_ward@yahoo.com,495 Juniper Road,Pilot Mound,IA,50223,7/23/1975,a3de5208-2f2f-4c81-9fe7-8d254bd5095d,Facebook
48,8/2/2016,aracely white,aracely_white@yahoo.com,16701-16743 449th Avenue,Florence,SD,57235,10/26/1991,81052233-b32e-43cb-9505-700dbd8d3fca,Facebook
49,1/11/2019,anais schaefer,anais_schaefer@yahoo.com,2993 Hoskings Ranch Road,Santa Ysabel,CA,92070,9/22/1963,ceddd766-924b-4856-9dcb-a15b4c1b154c,Facebook
50,9/27/2016,tressa larson,tressa_larson@yahoo.com,3964 Chico River Road,Chico,CA,95928,2/14/2000,eb925d11-ea2f-41fb-a490-72b7c2b24dc0,Facebook
51,7/6/2016,lolita thiel,lolita_thiel@yahoo.com,258 Opal Road,El Paso,AR,72045,9/16/1961,bb85c7fa-4314-4e41-a060-7d0159f16931,Twitter
52,10/15/2018,ciara senger,ciara_senger@yahoo.com,3234 County Road 7,Greensboro,AL,36744,2/16/1990,8beebcc9-a376-447a-812f-7544fdc52ec7,Google
53,2/3/2019,mustafa romaguera,mustafa_romaguera@yahoo.com,6111 Rogue Riv,Gold Beach,OR,97444,6/27/1990,2734ae7a-aa25-4907-9d2e-a6992750db60,Organic
54,11/27/2018,lavonne pouros,lavonne_pouros@yahoo.com,258 Opal Road,El Paso,AR,72045,7/23/1975,e60e4c1e-c9dc-47fe-9f4b-138651cebd85,Affiliate
55,10/10/2017,bertrand cronin,bertrand_cronin@yahoo.com,3234 County Road 7,Greensboro,AL,36744,12/12/1986,1b414387-e9c0-4b97-ba60-263268e38f3d,Affiliate
56,1/27/2018,khalid pollich,khalid_pollich@yahoo.com,6111 Rogue Riv,Gold Beach,OR,97444,6/10/1967,eb925d11-ea2f-41fb-a490-72b7c2b24dc0,Affiliate
57,2/7/2017,lora kertzmann,lora_kertzmann@yahoo.com,13116 Northeast Sandy Boulevard,Portland,OR,97230,12/18/1961,bb85c7fa-4314-4e41-a060-7d0159f16931,Twitter
58,6/4/2017,arely aufderhar,arely_aufderhar@yahoo.com,1460 Grays Creek Road,Grants Pass,OR,97527,8/12/1992,8beebcc9-a376-447a-812f-7544fdc52ec7,Affiliate
59,3/4/2018,wyman borer,wyman_borer@yahoo.com,52737 570th Street,Marne,IA,51552,4/20/1974,2734ae7a-aa25-4907-9d2e-a6992750db60,Facebook
60,1/22/2017,john williamson,john_williamson@yahoo.com,9611-9809 West Rosedale Road,Wood River,NE,68883,3/27/1983,e60e4c1e-c9dc-47fe-9f4b-138651cebd85,Google
61,1/19/2017,hudson adams,hudson_adams@yahoo.com,101 4th Street,Searsboro,IA,50242,1/19/1996,1b414387-e9c0-4b97-ba60-263268e38f3d,Twitter
62,2/24/2017,domenica leffler,domenica_leffler@yahoo.com,29494 Anderson Drive,Sandstone,MN,55072,6/5/1973,251cd4bd-d7c9-4704-a864-edd953952a9b,Google
63,2/20/2019,lina muller,lina_muller@yahoo.com,2-7900 Cuerno Verde Road,Rye,CO,81069,10/16/1999,89ef82c4-55e2-4907-94a6-09b0368b3c58,Organic
64,8/18/2016,arnold bosco,arnold_bosco@yahoo.com,761 Fish Hill Road,Beaver Dams,NY,14812,1/13/1968,edd767f7-ef71-42bf-807e-f96fdee4b7b4,Affiliate
65,10/14/2018,dominique jenkins,dominique_jenkins@yahoo.com,1243 West Whitney Street,Morse,LA,70559,8/20/1982,a3de5208-2f2f-4c81-9fe7-8d254bd5095d,Affiliate
66,6/15/2018,rene ward,rene_ward@yahoo.com,630 Coaker Road,Leakesville,MS,39451,12/16/1982,81052233-b32e-43cb-9505-700dbd8d3fca,Affiliate
67,1/28/2017,roselyn white,roselyn_white@yahoo.com,13081-13217 Main Street,Upper Sandusky,OH,43351,7/20/1963,ceddd766-924b-4856-9dcb-a15b4c1b154c,Affiliate
68,9/24/2016,aracely schaefer,aracely_schaefer@yahoo.com,2993 Hoskings Ranch Road,Santa Ysabel,CA,92070,10/16/1999,537a727b-7525-44a3-99c8-8fdc488fbf02,Affiliate
69,4/23/2017,anais larson,anais_larson@yahoo.com,3964 Chico River Road,Chico,CA,95928,1/13/1968,6a802b6c-4da8-4881-9ca6-4f69085c7c14,Twitter
70,9/2/2016,tressa thiel,tressa_thiel@yahoo.com,258 Opal Road,El Paso,AR,72045,8/20/1982,760495fb-9c38-4351-a6ee-4743d10d345e,Affiliate
71,9/16/2018,lolita senger,lolita_senger@yahoo.com,3234 County Road 7,Greensboro,AL,36744,12/16/1982,43adf4af-055b-4a39-bc06-489fb0ffcf40,Facebook
72,4/19/2017,ciara romaguera,ciara_romaguera@yahoo.com,6111 Rogue Riv,Gold Beach,OR,97444,7/20/1963,6bb01b7f-6426-47d3-bfca-95dcc42b8b27,Google
73,5/18/2017,mustafa pouros,mustafa_pouros@yahoo.com,13116 Northeast Sandy Boulevard,Portland,OR,97230,9/22/1963,e60e4c1e-c9dc-47fe-9f4b-138651cebd85,Twitter
74,11/27/2016,lavonne cronin,lavonne_cronin@yahoo.com,1460 Grays Creek Road,Grants Pass,OR,97527,2/14/2000,1b414387-e9c0-4b97-ba60-263268e38f3d,Google
75,11/19/2017,bertrand pollich,bertrand_pollich@yahoo.com,52737 570th Street,Marne,IA,51552,9/16/1961,251cd4bd-d7c9-4704-a864-edd953952a9b,Organic
76,10/27/2016,khalid kertzmann,khalid_kertzmann@yahoo.com,9611-9809 West Rosedale Road,Wood River,NE,68883,2/16/1990,89ef82c4-55e2-4907-94a6-09b0368b3c58,Affiliate
77,6/7/2017,lora aufderhar,lora_aufderhar@yahoo.com,101 4th Street,Searsboro,IA,50242,6/27/1990,edd767f7-ef71-42bf-807e-f96fdee4b7b4,Affiliate
78,10/19/2018,arely borer,arely_borer@yahoo.com,29494 Anderson Drive,Sandstone,MN,55072,7/23/1975,a3de5208-2f2f-4c81-9fe7-8d254bd5095d,Affiliate
79,4/1/2018,wyman williamson,wyman_williamson@yahoo.com,2-7900 Cuerno Verde Road,Rye,CO,81069,10/26/1991,81052233-b32e-43cb-9505-700dbd8d3fca,Facebook
80,6/4/2016,john heaney,john_heaney@yahoo.com,630 Coaker Road,Leakesville,MS,39451,10/16/1999,ceddd766-924b-4856-9dcb-a15b4c1b154c,Facebook
81,10/29/2016,hudson leffler,hudson_leffler@yahoo.com,1167 East 570th Avenue,Pittsburg,KS,66762,1/13/1968,537a727b-7525-44a3-99c8-8fdc488fbf02,Twitter
82,7/2/2018,domenica muller,domenica_muller@yahoo.com,5816-5894 280th Street,Ida Grove,IA,51445,8/20/1982,6a802b6c-4da8-4881-9ca6-4f69085c7c14,Google
83,6/10/2018,lina bosco,lina_bosco@yahoo.com,13081-13217 Main Street,Upper Sandusky,OH,43351,12/16/1982,760495fb-9c38-4351-a6ee-4743d10d345e,Facebook
84,10/17/2017,arnold jenkins,arnold_jenkins@yahoo.com,495 Juniper Road,Pilot Mound,IA,50223,7/20/1963,8beebcc9-a376-447a-812f-7544fdc52ec7,Facebook
85,7/23/2016,dominique ward,dominique_ward@yahoo.com,16701-16743 449th Avenue,Florence,SD,57235,7/23/1975,2734ae7a-aa25-4907-9d2e-a6992750db60,Facebook
86,5/28/2016,rene white,rene_white@yahoo.com,2993 Hoskings Ranch Road,Santa Ysabel,CA,92070,10/26/1991,e60e4c1e-c9dc-47fe-9f4b-138651cebd85,Facebook
87,9/15/2017,roselyn schaefer,roselyn_schaefer@yahoo.com,3964 Chico River Road,Chico,CA,95928,10/16/1999,1b414387-e9c0-4b97-ba60-263268e38f3d,Facebook
88,2/11/2019,aracely larson,aracely_larson@yahoo.com,258 Opal Road,El Paso,AR,72045,1/13/1968,251cd4bd-d7c9-4704-a864-edd953952a9b,Google
89,7/3/2016,anais thiel,anais_thiel@yahoo.com,3234 County Road 7,Greensboro,AL,36744,8/20/1982,89ef82c4-55e2-4907-94a6-09b0368b3c58,Twitter
90,8/13/2017,tressa senger,tressa_senger@yahoo.com,6111 Rogue Riv,Gold Beach,OR,97444,12/16/1982,edd767f7-ef71-42bf-807e-f96fdee4b7b4,Google
91,7/6/2017,lolita romaguera,lolita_romaguera@yahoo.com,258 Opal Road,El Paso,AR,72045,9/16/1961,81052233-b32e-43cb-9505-700dbd8d3fca,Facebook
92,12/5/2018,ciara pouros,ciara_pouros@yahoo.com,258 Opal Road,El Paso,AR,72045,2/16/1990,ceddd766-924b-4856-9dcb-a15b4c1b154c,Facebook
93,4/29/2017,mustafa cronin,mustafa_cronin@yahoo.com,3234 County Road 7,Greensboro,AL,36744,6/27/1990,537a727b-7525-44a3-99c8-8fdc488fbf02,Affiliate
94,11/4/2018,lavonne pollich,lavonne_pollich@yahoo.com,6111 Rogue Riv,Gold Beach,OR,97444,7/23/1975,6a802b6c-4da8-4881-9ca6-4f69085c7c14,Affiliate
95,8/5/2016,bertrand kertzmann,bertrand_kertzmann@yahoo.com,258 Opal Road,El Paso,AR,72045,10/26/1991,760495fb-9c38-4351-a6ee-4743d10d345e,Twitter
96,1/31/2018,khalid aufderhar,khalid_aufderhar@yahoo.com,3234 County Road 7,Greensboro,AL,36744,9/22/1963,8beebcc9-a376-447a-812f-7544fdc52ec7,Affiliate
97,11/21/2017,lora borer,lora_borer@yahoo.com,6111 Rogue Riv,Gold Beach,OR,97444,2/14/2000,2734ae7a-aa25-4907-9d2e-a6992750db60,Facebook
98,12/30/2016,arely williamson,arely_williamson@yahoo.com,13116 Northeast Sandy Boulevard,Portland,OR,97230,9/16/1961,e60e4c1e-c9dc-47fe-9f4b-138651cebd85,Google
99,11/9/2016,wyman heaney,wyman_heaney@yahoo.com,1460 Grays Creek Road,Grants Pass,OR,97527,2/16/1990,1b414387-e9c0-4b97-ba60-263268e38f3d,Twitter
100,8/31/2016,john adams,john_adams@yahoo.com,52737 570th Street,Marne,IA,51552,6/27/1990,251cd4bd-d7c9-4704-a864-edd953952a9b,Google
